base_seg_id	lpair	source	ht	mt	src_doc_id
_DE_EN_018529-01	deen	In der Tat es ist von Ihnen erwähnt worden und von dem Kollegen Brok wir sind gemeinsam in einer schwierigen wirtschaftlichen Situation.	As you and Mr Brok have said, both Europe and the United States are indeed in a difficult economic situation.	Indeed, as you and Mr. Brok have mentioned, we are all facing a difficult economic situation.	ORG_WR_DE_EN_018529
_DE_EN_018529-02	deen	In Europa ist es vielleicht sichtbarer, aber auch in den Vereinigten Staaten von Amerika ist das klar.	In Europe it is perhaps more obvious, but it is clearly the case in the United States, too.	This may be more apparent in Europe, but it is also evident in the United States of America.	ORG_WR_DE_EN_018529
_DE_EN_018529-03	deen	Es war schon bei G20 ein bisschen betrüblich, wenn man den Informationen glauben darf, wie manche Länder Argentinien etc. uns jetzt belehrt haben, die Hausaufgaben zu machen.	At the G20 it was a little distressing, if the information is to be believed, to see that some countries Argentina and others were telling us what to do.	It was somewhat disheartening at the G20 summit, if the information is to be believed, to hear countries such as Argentina lecturing us on how to do our homework.	ORG_WR_DE_EN_018529
_DE_EN_018529-04	deen	Früher waren immer wir diejenigen, die die anderen belehrt haben.	Previously, we were always the ones who instructed others.	In the past, we were always the ones lecturing others.	ORG_WR_DE_EN_018529
_DE_EN_018529-05	deen	Jetzt werden wir von den anderen belehrt, und das muss uns und unseren Bürgern schon zu denken geben, dass wir wirklich jetzt mit aller Kraft unsere wirtschaftliche Situation in Ordnung bringen.	Now we are being taught by the others, and that has to give us and our citizens reason to reflect on the fact that we really should do everything we can now to put our economic situation in order.	Now we are being lectured by others, and that should give us and our citizens pause for thought, so that we really do everything in our power to put our economic situation in order.	ORG_WR_DE_EN_018529
_DE_EN_018529-06	deen	Was wir aber gemeinsam mit Amerika tun können, ist sicherlich, in verschiedenen Bereichen Innovationsgemeinschaften zu bilden.	However, what we certainly can do together with the US is to form innovation communities in various different areas.	What we can certainly do together with America, however, is to form innovation communities in various areas.	ORG_WR_DE_EN_018529
_DE_EN_018529-07	deen	In unserer Entschließung schneiden wir das an, z. B. in dem Energiebereich.	We touch on this in our resolution, for example in the energy sector.	We address this in our resolution, for example in the energy sector.	ORG_WR_DE_EN_018529
_DE_EN_018529-08	deen	Gerade auch in dem Bereich von Energiesparen und Energieeffizienz sind wir noch vielfach besser als die Amerikaner, aber dennoch können wir hier gemeinsam forschen.	In the area of energy saving and energy efficiency in particular we are many times better than the United States, but we can still carry out research together in this area.	We are still much better than the Americans in many areas, particularly in the field of energy saving and energy efficiency, but we can still conduct joint research here.	ORG_WR_DE_EN_018529
_DE_EN_018529-09	deen	Oder z. B. auf dem Gebiet der Seltenen Erden ich nehme an, der Kollege wird noch darüber reden gibt es eine Reihe von Möglichkeiten, wo Amerika und Europa gemeinsam vorgehen und auch global Zeichen setzen können.	Another example is the area of rare earths I assume my fellow Member will also speak about this there are a number of possible areas where the United States and Europe can work together and also make their mark globally.	Or, for example, in the field of rare earths – I assume my colleague will talk about this later – there are a number of opportunities where America and Europe can work together and also set a global example.	ORG_WR_DE_EN_018529
_DE_EN_018529-10	deen	Drittens: Was ich Sie bitte, Herr Kommissar, ist, darauf zu drängen, dass wir natürlich auch über die Frage der internationalen Regulierung, der Regulierungsrahmen reden.	Thirdly, I would ask you, Commissioner, to insist that we, naturally, also discuss the issue of international regulation and the regulatory framework.	Thirdly, Commissioner, I would ask you to insist that we also discuss the issue of international regulation and the regulatory framework.	ORG_WR_DE_EN_018529
_DE_EN_018529-11	deen	Wir wissen bei den Finanzmärkten, was immer wir auch in Europa tun können, das müssen wir tun.	With regard to the financial markets, we know that, in Europe too, we have to do whatever we can.	We know that when it comes to the financial markets, whatever we can do in Europe, we must do.	ORG_WR_DE_EN_018529
_DE_EN_018529-12	deen	Aber wenn wir nicht zumindest in gewissen Bereichen gemeinsam mit den Amerikanern vorgehen und dann auch noch gemeinsam China und andere überzeugen, dass wir mehr Regulierung insbesondere auf den Finanzmärkten brauchen, wird das nicht gehen.	However, if we do not work with the United States, at least in certain areas, and then together also convince China and others that we need more regulation particularly on the financial markets it will not be possible.	But if we do not at least work together with the Americans in certain areas and then also convince China and others that we need more regulation, especially in the financial markets, it will not work.	ORG_WR_DE_EN_018529
_DE_EN_018529-13	deen	Ich meine, dazu gehört auch die Finanztransaktionssteuer.	I believe that this also includes the financial transaction tax.	I believe that this also includes the financial transaction tax.	ORG_WR_DE_EN_018529
_DE_EN_018529-14	deen	Ich weiß, das ist noch nicht einmal in Europa durch. Aber das ist auch ein Thema, das gerade in dem Dialog mit den Vereinigten Staaten besprochen werden muss.	I know that this has not even been accepted in Europe yet, but it is also a subject that needs to be discussed in talks with the United States.	I know that this has not even been implemented in Europe yet. But this is also an issue that needs to be discussed in the dialogue with the United States.	ORG_WR_DE_EN_018529
_DE_EN_018529-15	deen	Der letzte Punkt der Außenpolitik: Herr Kommissar, Sie haben zu recht darauf hingewiesen, dass es viele gute Bereiche der Zusammenarbeit gibt.	My last point relates to foreign policy. Commissioner, you rightly pointed out that there are a lot of good areas for cooperation.	The last point on foreign policy: Commissioner, you rightly pointed out that there are many areas of good cooperation.	ORG_WR_DE_EN_018529
_DE_EN_018529-16	deen	Was den Nahen Osten betrifft, so sind wir sehr oft von den Vereinigten Staaten von Amerika hängen gelassen worden, vor allem auch in dem letzten Sommer, als auch mehrere Delegationen des Parlaments in den USA waren und wir gemerkt haben, dass Catherine Ashton nicht die volle Unterstützung bekommen hätte, sondern erst lang nachher, als schon manches zu spät war.	As far as the Middle East is concerned, we have very often been left high and dry by the United States, particularly last summer when several delegations from Parliament were in the US and we noticed that Baroness Ashton did not receive full support. She only received it long after it was already too late in many respects.	As far as the Middle East is concerned, we have very often been let down by the United States of America, especially last summer, when several parliamentary delegations were in the US and we realized that Catherine Ashton would not have received full support until much later, when it was already too late.	ORG_WR_DE_EN_018529
_DE_EN_018529-17	deen	Da hätte man die ganze Palästina-Frage bei den Vereinten Nationen besser behandeln können.	We could have handled the whole Palestine issue better with the United Nations.	The whole Palestinian issue could have been handled better at the United Nations.	ORG_WR_DE_EN_018529
_DE_EN_018529-18	deen	Was wir aber als Fraktion vollkommen ablehnen und kritisieren, ist das Verhalten der USA insbesondere in dem Zusammenhang mit der Unesco.	However, what we as a group absolutely reject and are highly critical of is the behaviour of the United States in connection with UNESCO in particular.	However, what we as a group completely reject and criticize is the behavior of the US, particularly in relation to UNESCO.	ORG_WR_DE_EN_018529
_DE_EN_018529-19	deen	Demokratische Entscheidungen, demokratische Mehrheitsentscheidungen mit Sanktionen oder mit Geldentzug zu bestrafen, ist kein Weg, wie man den Frieden in dem Nahen Osten herstellen kann.	Penalising democratic decisions, democratic majority decisions, with sanctions or the withdrawal of funds is no way to establish peace in the Middle East.	Punishing democratic decisions, democratic majority decisions, with sanctions or with the withdrawal of funds is not the way to bring peace to the Middle East.	ORG_WR_DE_EN_018529
_DE_EN_018529-20	deen	Das sollte die Europäische Union den Amerikanern auch bei dem Gipfel klar und deutlich sagen!	That is something that the European Union should also make very clear to the United States at the summit.	The European Union should make this clear to the Americans at the summit!	ORG_WR_DE_EN_018529
_DE_EN_003953-01	deen	Ich möchte ihnen danken, weil sich das transatlantische Verhältnis in einer sehr schwierigen Phase befindet.	I wish to thank them because transatlantic relations are currently going through a very difficult phase.	I would like to thank them because transatlantic relations are currently going through a very difficult phase.	ORG_WR_DE_EN_003953
_DE_EN_003953-02	deen	Wir müssen sehen, dass diese Wertegemeinschaft die erfolgreichste Allianz in der Geschichte der Menschheit war. Sie hat Wohlfahrt, Demokratie und Menschenrechte nicht nur für Europa und Nordamerika gesichert und durchgesetzt, sondern auch in vielen anderen Teilen der Welt, und sie hat zu viel Positivem in dieser Welt beigetragen.	We must admit that this community of values has been the most successful alliance in the history of mankind; it has brought prosperity, democracy and human rights not just to Europe and North America, but to many other parts of the world too and it has brought about much that is good in this world.	We must recognize that this community of values has been the most successful alliance in human history. It has secured and enforced welfare, democracy, and human rights not only for Europe and North America, but also in many other parts of the world, and it has contributed so much positivity to this world.	ORG_WR_DE_EN_003953
_DE_EN_003953-03	deen	Aber wir müssen nun feststellen, dass nach diesem Triumph manches nicht mehr so funktioniert.	We must also admit, however, that a great deal has gone wrong since this triumph.	But we must now recognize that, after this triumph, some things are no longer working as they should.	ORG_WR_DE_EN_003953
_DE_EN_003953-04	deen	Da ist auf der einen Seite der Übermut des Unilateralismus, der zu Schwierigkeiten führt, und auf der anderen Seite Schwäche, nämlich auf unserer Seite, insbesondere unsere Unfähigkeit, in dem militärischen Bereich einen Beitrag zu leisten, und daraus entstehen Schwierigkeiten, die wir täglich sehen und die hier zu dem Teil auch aufgeführt wurden.	There is an excess of unilateralism causing difficulties on the one side and there are weaknesses on the other side, namely our side mainly our inability to make a military contribution which generate the difficulties we see on a daily basis, some of which have already been mentioned.	On the one hand, there is the hubris of unilateralism, which leads to difficulties, and on the other hand, there is weakness, namely on our side, in particular our inability to make a contribution in the military sphere, and this gives rise to difficulties that we see every day and which have also been mentioned here in part.	ORG_WR_DE_EN_003953
_DE_EN_003953-05	deen	Der Internationale Strafgerichtshof, Kyoto, Handelsfragen oder die Tatsache, dass in dem Zusammenhang mit der Bekämpfung der Folgen des 11. September die NATO den Eindruck eines ausgehöhlten Gebäudes macht, all dies ist Anlass zu großer Sorge, und wir müssen auch sehen, dass es richtig ist, dass man bei dem Nahostquartett vorankommt, aber gemeinsam ist man in Jerusalem und Ramallah noch nicht aufgetreten, und ich glaube, hier muss der entsprechende Ansatzpunkt liegen.	The International Criminal Court, Kyoto, trade issues or the fact that the fight against the fallout from 11 September is making NATO look like it no longer has any teeth; all this gives us great cause for concern and, although it is true that progress is being made in the Middle East, we still have no joint presence in Jerusalem or Ramallah and I think that this is where the starting point must be.	The International Criminal Court, Kyoto, trade issues, or the fact that, in the context of combating the consequences of September 11, NATO gives the impression of being a hollowed-out building—all of this is cause for great concern, and we must also recognize that it is right to make progress in the Middle East Quartet, but Jerusalem and Ramallah have not yet acted together, and I believe that this is where the appropriate starting point must lie.	ORG_WR_DE_EN_003953
_DE_EN_003953-06	deen	Ich meine, dass der Ansatz einer Lösung von Einzelfragen, etwa der Frage der hushkits oder Bananen, nicht der entscheidende Ansatzpunkt sein kann, weil dies ein Wettlauf ist, den man nie gewinnen kann, denn wenn man ein Problem gelöst hat, kommen zwei neue dazu.	I think that there is no point in starting with individual problems, such as the question of hushkits or bananas, because this is a race you can never win. Just as you think you have got one problem sorted, another two spring up.	I believe that the approach of resolving individual issues, such as the question of hushkits or bananas, cannot be the decisive starting point, because this is a race that can never be won; once one problem has been solved, two new ones arise.	ORG_WR_DE_EN_003953
_DE_EN_003953-07	deen	Das heißt, dieser Ansatzpunkt allein bringt uns nicht weiter, und deswegen bin ich dem Berichterstatter so dankbar, dass er in seinen Vorschlägen insbesondere strukturelle Verbesserungen vorschlägt, dass wir die Diskussion in eine neue Richtung hinein eröffnen, dass wir über die NATO hinaus strukturelle Beziehungen zu den Vereinigten Staaten entwickeln, wie dies zu Beginn und Mitte der 90er Jahre in dem Rahmen der transatlantischen Agenda zu dem Teil auch angedacht worden war.	So this starting point alone gets us nowhere, which is why I an dem so grateful to the rapporteur for including mainly structural improvements in his proposals, for suggesting that we move the discussion in a new direction, that we develop structural relations with the United States over and above NATO, which was one of the intentions of the transatlantic agenda in the early and mid-1990s.	In other words, this approach alone will not get us anywhere, and that is why I am so grateful to the rapporteur for proposing structural improvements in particular, for opening up the discussion in a new direction, for developing structural relations with the United States beyond NATO, as was also envisaged in part in the early and mid-1990s within the framework of the transatlantic agenda.	ORG_WR_DE_EN_003953
_DE_EN_003953-08	deen	Die Frage ist, ob wir zu Lösungen kommen, die mit bilateralen Konfliktlösungsmechanismen in dem Handelsbereich verbunden sind, ohne dass dabei der Multilateralismus gestört wird, ob wir diese Fragen in dem Zusammenhang mit dem transatlantic market place diskutieren oder ob wir einen Vertrag zwischen den Vereinigten Staaten und der Europäischen Union schließen, ein Rahmenwerk, in welcher Weise wir hier die Beziehungen verbessern können, denn ein solcher Vertrag hat den unschätzbaren Vorteil, dass er den amerikanischen Kongress einbezieht.	The question is: can we find solutions using bilateral trade dispute settlement mechanisms without disturbing multilateralism, do we discuss these issues in connection with the transatlantic market place or do we conclude an agreement between the United States and the European Union, a master agreement as to how relations can be improved here, because this sort of agreement has the incalculable advantage of involving the American Congress.	The question is whether we can arrive at solutions that involve bilateral conflict resolution mechanisms in the area of trade without disrupting multilateralism, whether we should discuss these issues in the context of the transatlantic marketplace, or whether we should conclude a treaty between the United States and the European Union, a framework for improving relations in this area, because such an agreement has the invaluable advantage of involving the US Congress.	ORG_WR_DE_EN_003953
_DE_EN_003953-09	deen	Die Europäische Union hat mit nahezu jedem Land dieser Welt einen Vertrag, aber mit unserem engsten Verbündeten, den Vereinigten Staaten von Amerika, haben wir keinen.	The European Union has agreements with almost every country on earth except our closest allies, the United States of America.	The European Union has agreements with almost every country in the world, but we do not have one with our closest ally, the United States of America.	ORG_WR_DE_EN_003953
_DE_EN_003953-10	deen	Wir laufen von Administration zu Administration, wohl wissend, dass es immer nur die Hälfte des Spiels ist und dass der amerikanische Kongress in diesem Spiel eine große Bedeutung hat, und deswegen müssen wir einen Rahmen finden, wie die amerikanische Politik insgesamt einbezogen werden kann, einen strukturellen Bezugsrahmen, und ich hoffe, dass da Rat und Kommission intensivere Initiativen ergreifen, als dies vielleicht in der letzten Zeit der Fall war.	We run from administration to administration, knowing full well that it is only ever half the game and that the American Congress is immensely important in this game. That is why we need to find a framework which allows American politics as a whole to be involved, a structural reference framework, and I hope that the Council and Commission will adopt more intensive initiatives here than has perhaps recently been the case.	We go from administration to administration, knowing full well that this is only half the game and that the US Congress plays a major role in this game. That is why we need to find a framework for involving US politics as a whole, a structural frame of reference, and I hope that the Council and the Commission will take more intensive initiatives than has perhaps been the case recently.	ORG_WR_DE_EN_003953
_DE_EN_006043-01	deen	Das ist bei dem Europäischen Betriebsrat leider der Fall, und das ist auch jetzt wieder bei der Entsenderichtlinie der Fall.	That happened, unfortunately, with the European Works Council, and it is, equally unfortunately, happening with the Posting of Workers Directive now.	Unfortunately, this is the case with the European Works Council, and it is also the case again now with the Posting of Workers Directive.	ORG_WR_DE_EN_006043
_DE_EN_006043-02	deen	Das ist erstaunlich, weil eigentlich gerade von diesen beiden genannten Gesetzen eine Signalwirkung für die Bevölkerung und die Arbeitnehmer ausgeht, eine Signalwirkung, dass wir eigentlich ein europäisches Sozialmodell haben.	This is astonishing, for both of these acts to which I have referred send out messages to workers and the public, signalling that we do in fact have such a thing as a European social model.	This is astonishing, because these two pieces of legislation in particular send out a signal to the population and to workers that we actually have a European social model.	ORG_WR_DE_EN_006043
_DE_EN_006043-03	deen	Darum ist dies auch bedauerlich!	That is what makes it regrettable.	That is why this is so regrettable!	ORG_WR_DE_EN_006043
_DE_EN_006043-04	deen	Bei der Debatte in dem Ausschuss wollte uns Ihr Haus sogar glauben machen, dass die ganzen Probleme mit der Richtlinie gar nichts mit Europa zu tun hätten, sondern sich in dem Großen und Ganzen auf Mängel in der nationalen Umsetzung beschränken würden.	When the Committee was debating this, the Commission even sought to persuade us that all the problems with the Directive had nothing to do with Europe, but largely resulted from defects in transposition at national level.	During the debate in the committee, your House even tried to make us believe that all the problems with the directive had nothing to do with Europe, but were largely limited to shortcomings in national implementation.	ORG_WR_DE_EN_006043
_DE_EN_006043-05	deen	Das ist nach unserer Meinung nicht der Fall.	We do not believe that to be the case.	In our opinion, that is not the case.	ORG_WR_DE_EN_006043
_DE_EN_006043-06	deen	Der Stand der Umsetzung kann auch nicht befriedigend sein, wenn es Hunderte von Klagen bei nationalen und regionalen Arbeits- und Sozialgerichten gibt.	The way in which the Directive is implemented can hardly be described as satisfactory when there are hundreds of appeals pending before national and regional labour and social security tribunals.	The state of implementation cannot be satisfactory when there are hundreds of lawsuits before national and regional labor and social courts.	ORG_WR_DE_EN_006043
_DE_EN_006043-07	deen	Auch wenn das nationale Gerichte sind, zeigt es doch, dass es auch in der Richtlinie selbst ein Defizit gibt und dass die Rechtssicherheit nicht ausreichend ist.	Even though these are national courts, it goes to show that there is something lacking in the Directive itself and that there is inadequate legal certainty.	Even if these are national courts, it shows that there is also a deficit in the directive itself and that legal certainty is insufficient.	ORG_WR_DE_EN_006043
_DE_EN_006043-08	deen	Aus diesem Grund und es ist sicher selten, dass wir die Kommission hier kritisieren müssen meinen wir, dass Sie sich das mit Ihrem Bericht zu einfach gemacht haben, ebenso wie leider auch die Berichterstatterin.	Rare though it is for us to criticise the Commission for this, it is for this reason that we believe that your report oversimplifies matters, and the same criticism can, alas, be levelled at the rapporteur.	For this reason, and although it is certainly rare that we have to criticize the Commission here, we believe that you have made it too easy for yourself with your report, as, unfortunately, has the rapporteur.	ORG_WR_DE_EN_006043
_DE_EN_006043-09	deen	Dennoch: Die Zusammenarbeit war hervorragend, Frau Glase, und ich kann mich nur bedanken, weil Sie ja auch von meinen zehn Anträgen in dem Namen der PSE neun übernommen haben.	Nevertheless, Mrs Glase, there was outstanding cooperation, and I cannot be other than grateful to you for having accepted nine out of the ten amendments that I tabled on behalf of the Group of the Party of European Socialists.	Nevertheless, the cooperation was excellent, Ms. Glase, and I can only thank you, because you have also adopted nine of my ten amendments on behalf of the PSE.	ORG_WR_DE_EN_006043
_DE_EN_006043-10	deen	Ich will auch meinem Vorredner beipflichten, der gesagt hat, dass es immer noch Missbräuche gibt, eine Ausnutzung durch Arbeitgeber, und es ist erstaunlich wir alle stellen dies fest, nicht nur in Deutschland, sondern auch in anderen Ländern , dass die Kreativität der Arbeitgeber, die Gesetze zu umgehen, erstaunlich hoch ist.	I also want to agree with Mr Pérez Álvarez, who pointed out that abuses persist and that employers are still exploiting workers, and, extraordinarily enough, we see not only in Germany but also in other countries how very creative employers can be when it comes to getting round the law.	I would also like to agree with the previous speaker, who said that there are still abuses, exploitation by employers, and it is astonishing – we all note this, not only in Germany but also in other countries – that employers' creativity in circumventing the law is astonishingly high.	ORG_WR_DE_EN_006043
_DE_EN_006043-11	deen	Das heißt, der einzige Konfliktfall, den wir als Parlament haben, ist die Frist. Und ich sage Ihnen ganz offen, es geht uns nicht um einen Monat mehr oder weniger, den wir der Kommission zu der Erarbeitung eines neuen gründlichen Berichts geben würden.	What that means is that the only thing this House wants to argue about is the timescale, and I can be quite frank in telling you that we are not talking about giving the Commission one month more or less to draft a new and thorough report.	This means that the only point of conflict we have as a Parliament is the deadline. And I will be quite frank with you: we are not concerned about giving the Commission a month more or less to prepare a new, thorough report.	ORG_WR_DE_EN_006043
_DE_EN_006043-12	deen	Aber die Erfahrung zeigt uns, wenn wir Ihnen jetzt statt 12 14 Monate geben, dann nehmen Sie 22 oder 26 Monate, und darum ist für uns ein gewisser Druck notwendig und darum haben wir beschlossen, die 12 Monate zu beantragen.	We have learned from experience, though, that if we give you 14 months instead of 12, it will take you 22 or 26, and so, as we need to exert a certain amount of pressure, we have decided to ask for 12 months.	But experience shows us that if we give you 14 months instead of 12, you will take 22 or 26 months, and that is why we need to exert a certain amount of pressure and have decided to request 12 months.	ORG_WR_DE_EN_006043
_DE_EN_006043-13	deen	Es ist bedauerlich, weil wir sonst übereinstimmen, aber ich bin überzeugt das möchte ich zu dem Schluss sagen , dass Sie diese Frist auch einhalten können, wenn Sie die Sozialpartner und die europäischen Gewerkschaften als Bündnispartner für die Analyse nehmen, denn die haben alle die notwendigen Daten, Defizite und Missstände bereits auf dem Tisch liegen.	This is regrettable, as we otherwise agree, but I will conclude by saying that I an dem convinced that this is a deadline you can meet if, in carrying out the analysis, you join with the social partners and the European trades unions, who already have the necessary data, with details of the deficits and abuses, ready to hand.	It is regrettable because we otherwise agree, but I am convinced, and I would like to conclude by saying this, that you can also meet this deadline if you take the social partners and the European trade unions as allies for the analysis, because they already have all the necessary data, deficits, and grievances on the table.	ORG_WR_DE_EN_006043
_EN_DE_003723-01	ende	There are so many things that remain to be done and so many priorities that were set down at Lisbon, Stockholm, or Cardiff that have yet to be completed, to be achieved and to be reached.	Zahlreiche Aufgaben stehen noch aus und zahlreiche Prioritäten wurden in Lissabon, Stockholm oder Cardiff festgelegt, die noch nicht umgesetzt, verwirklicht und erreicht wurden.	Es gibt noch so viel zu tun, und so viele Prioritäten, die in Lissabon, Stockholm oder Cardiff festgelegt wurden, müssen noch umgesetzt, erreicht und verwirklicht werden.	ORG_WR_EN_DE_003723
_EN_DE_003723-02	ende	We ought to focus more on improving the quality of the proposals that we put forward, ensuring that they respond to the demands and needs of the peoples of Europe, and more importantly, ensure that they lay down a solid foundation for the future development of economic prosperity, of stability and of sustainability.	Wir sollten uns vorrangig auf eine Verbesserung der von uns vorgelegten Vorschläge konzentrieren, gewährleisten, dass diese den Forderungen und Bedürfnissen der Völker in Europa gerecht werden, und, was noch viel wichtiger ist, sicherstellen, dass sie eine solide Grundlage für die künftige Entwicklung von wirtschaftlichem Wohlstand, Stabilität und Nachhaltigkeit bilden.	Wir sollten uns mehr darauf konzentrieren, die Qualität der von uns vorgelegten Vorschläge zu verbessern, damit sie den Anforderungen und Bedürfnissen der Menschen in Europa entsprechen und, was noch wichtiger ist, eine solide Grundlage für die künftige Entwicklung von wirtschaftlichem Wohlstand, Stabilität und Nachhaltigkeit schaffen.	ORG_WR_EN_DE_003723
_EN_DE_003723-03	ende	I do not believe that there is a conflict between economic development and sustainable development, nor that we cannot put in place an aggressive taxation policy to create employment, to ensure that business and industry can have a competitive environment in which to succeed and prosper, and that does not necessarily lead to the detriment of social protection, or of investment in social services like education, health and infrastructure development.	Ich bin nicht der Ansicht, dass ein Widerspruch zwischen wirtschaftlicher Entwicklung und nachhaltiger Entwicklung besteht, und ich frage mich, warum wir nicht eine offensive Steuerpolitik einführen sollten, um Arbeitsplätze zu schaffen und zu gewährleisten, dass Unternehmen und Industrie in einem wettbewerbsfreundlichen Umfeld zu Erfolg und Wachstum gelangen, was sich nicht zwangläufig nachteilig auf den Sozialschutz oder auf Investitionen in soziale Dienstleistungen wie Bildung, Gesundheitspflege und Infrastrukturentwicklung auswirkt.	Ich glaube nicht, dass es einen Konflikt zwischen wirtschaftlicher Entwicklung und nachhaltiger Entwicklung gibt, noch dass wir keine aggressive Steuerpolitik betreiben können, um Arbeitsplätze zu schaffen und sicherzustellen, dass Wirtschaft und Industrie ein wettbewerbsfähiges Umfeld vorfinden, in dem sie erfolgreich sein und prosperieren können, ohne dass dies zwangsläufig zu Lasten des sozialen Schutzes oder der Investitionen in soziale Dienstleistungen wie Bildung, Gesundheit und Infrastrukturentwicklung geht.	ORG_WR_EN_DE_003723
_EN_DE_003723-04	ende	I would certainly oppose all measures or any ideas towards harmonisation or coordination of tax policy within the European Union.	Natürlich wäre ich gegen alle Maßnahmen oder Ideen, die auf eine Harmonisierung oder Koordinierung der Steuerpolitiken innerhalb der Europäischen Union abzielen.	Ich würde mich sicherlich gegen alle Maßnahmen oder Ideen zur Harmonisierung oder Koordinierung der Steuerpolitik innerhalb der Europäischen Union aussprechen.	ORG_WR_EN_DE_003723
_EN_DE_003723-05	ende	This is an area that is exclusively within the remit of the Member State governments alone, and it is wrong and has been proven wrong many times, that, to use the simple analogy of previous eras, higher taxation means that you can spend more on social protection.	Dieser Aufgabenbereich fällt ausschließlich den Mitgliedstaaten zu, und es stimmt nicht und hat sich auch wiederholt als falsch erwiesen, dass, um auf eine einfache klassische Gleichung zurückzugreifen, in dem Falle von Steuererhöhungen Mehrausgaben in dem Bereich des Sozialschutzes möglich sind.	Dies ist ein Bereich, der ausschließlich in die Zuständigkeit der Regierungen der Mitgliedstaaten fällt, und es ist falsch und hat sich schon oft als falsch erwiesen, dass, um eine einfache Analogie aus früheren Zeiten zu verwenden, höhere Steuern bedeuten, dass man mehr für den Sozialschutz ausgeben kann.	ORG_WR_EN_DE_003723
_EN_DE_003723-06	ende	That idea has been turned on its head by the economic realities of existing Member States also by the performances of other Member States, such as in my own country in particular Ireland, where an aggressive reduction in taxation policy, reducing the cost of labour and the income tax levy and ensuring that business can survive in a harmonious industrial relations environment with the majority of the earnings that the workers are getting going into their pocket and not going into taxation; while at the same time, increasing the levels of protection that are available for those who are most vulnerable within our society and increasing investments in education and health.	Dieser Gedanke wurde durch die wirtschaftlichen Gegebenheiten in derzeitigen Mitgliedstaaten in sein Gegenteil gekehrt - auch durch die Leistungen in anderen Mitgliedstaaten, wie vor allem in meiner Heimat - Irland, wo eine deutliche Steuersenkung zu einem Rückgang der Lohnkosten und der Einkommenssteuergrenze geführt und dazu beigetragen hat, dass Unternehmen in einem Umfeld harmonischer Beziehungen zwischen den Sozialpartnern überleben können, während der Großteil der Einkünfte der Arbeitnehmer in ihre eigenen Taschen und nicht in die Steuerkasse fließt. Gleichzeitig konnte das Schutzniveau für die Schwächsten in der Gesellschaft verbessert und Investitionen in Bildung und Gesundheit erhöht werden.	Diese Vorstellung wurde durch die wirtschaftliche Realität der bestehenden Mitgliedstaaten und auch durch die Leistungen anderer Mitgliedstaaten, wie insbesondere meines eigenen Landes Irland, auf den Kopf gestellt, wo eine aggressive Senkung der Steuern, eine Verringerung der Arbeitskosten und der Einkommenssteuer sowie die Gewährleistung, dass Unternehmen in einem harmonischen Umfeld der Arbeitsbeziehungen überleben können, wobei der Großteil der Einkünfte der Arbeitnehmer in ihre Taschen fließt und nicht in die Steuern, Gleichzeitig werden der Schutz für die Schwächsten unserer Gesellschaft verbessert und die Investitionen in Bildung und Gesundheit erhöht.	ORG_WR_EN_DE_003723
_EN_DE_003723-07	ende	There is a new and different way forward that can succeed and operate for the betterment of the governments and the European Union as a whole, but most importantly for the betterment of the people.	Es gibt neue und andersartige Möglichkeiten des Vorgehens, die mit Erfolg gekrönt sein und dem Wohl der Staaten sowie der gesamten Europäischen Union, aber vor allem dem Wohl der Menschen dienen können.	Es gibt einen neuen und anderen Weg, der zum Erfolg führen und zum Wohle der Regierungen und der Europäischen Union insgesamt, vor allem aber zum Wohle der Menschen funktionieren kann.	ORG_WR_EN_DE_003723
_EN_DE_003723-08	ende	What we bring forward from the Lisbon process and the Lisbon summit, most importantly of all, is access to education, training, learning and knowledge.	Die wichtigsten Errungenschaften des Lissabonner Prozesses und des Lissabonner Gipfels sind Zugang zu Bildung, Ausbildung, Lernen und Wissen.	Was wir aus dem Lissabon-Prozess und dem Lissabon-Gipfel mitnehmen, ist vor allem der Zugang zu Bildung, Ausbildung, Lernen und Wissen.	ORG_WR_EN_DE_003723
_EN_DE_003723-09	ende	If we do not give the skills to our people in order to take advantage of new employment opportunities that are out there, then we deny them the real human and civil rights of participating fully in society.	Wenn wir unseren Bürger nicht die Fähigkeiten vermitteln, die sie benötigen, um die neuen Beschäftigungsmöglichkeiten zu nutzen, dann verwehren wir ihnen die Menschen- und Bürgerrechte, die für eine umfassende Beteiligung an der Gesellschaft wirklich von Bedeutung sind.	Wenn wir unseren Bürgern nicht die Fähigkeiten vermitteln, die sie benötigen, um die neuen Beschäftigungsmöglichkeiten zu nutzen, verweigern wir ihnen das echte Menschen- und Bürgerrecht auf uneingeschränkte Teilhabe an der Gesellschaft.	ORG_WR_EN_DE_003723
_EN_DE_003723-10	ende	If anything is to come out of the Barcelona summit, it is a re-endorsement and re-affirmation of the importance of lifelong learning and a knowledge-based society with education and training for all.	Wollen wir auf dem Gipfel von Barcelona Ergebnisse erzielen, dann müssen wir die Bedeutung des lebenslangen Lernens sowie einer wissensbasierten Gesellschaft mit Bildungs- und Fortbildungsmöglichkeiten für alle Menschen erneut bestätigen und bekräftigen.	Wenn der Gipfel von Barcelona etwas bewirken soll, dann ist es die erneute Bekräftigung und Bestätigung der Bedeutung des lebenslangen Lernens und einer wissensbasierten Gesellschaft mit Bildung und Ausbildung für alle.	ORG_WR_EN_DE_003723
_EN_DE_003723-11	ende	It is the most important aspect to come.	Dies wird fortan der wichtigste Aspekt sein.	Das ist der wichtigste Aspekt, der dabei herauskommen muss.	ORG_WR_EN_DE_003723
_EN_DE_003752-01	ende	While I welcome the Commissioner 's statement, I regret the fact that the Commission 's work has not been more balanced recognising, for example, that there is a dark side to globalisation, too and has not been more ambitious.	Wenngleich ich die Erklärung des Kommissionsmitglieds begrüße, bedauere ich, dass die Arbeit der Kommission nicht ausgewogener gewesen ist indem sie zu dem Beispiel berücksichtigt, dass die Globalisierung auch ihre Schattenseiten hat und dass sie ihre Ziele nicht weiter gesteckt hat.	Ich begrüße zwar die Erklärung des Kommissars, bedauere jedoch, dass die Arbeit der Kommission nicht ausgewogener war und beispielsweise nicht anerkannt hat, dass die Globalisierung auch eine Schattenseite hat, und dass sie nicht ehrgeiziger war.	ORG_WR_EN_DE_003752
_EN_DE_003752-02	ende	Why did the Commission not take up Mr Verhofstadt 's suggestion that we should have a G8 not based on wealth and composed of the richest nations, but based on population and composed of the world 's major regional bodies, thereby involving the African Union, Mercosur, the South Asian Area of Regional Cooperation (SAARC) and so on?	Warum hat die Kommission denn den Vorschlag von Herrn Verhofstadt nicht aufgegriffen, wonach das Kriterium für die Zugehörigkeit zu der G8 nicht der Reichtum sein sollte und ihr nicht nur die wohlhabendsten Staaten angehören sollten, sondern vielmehr das Kriterium der Bevölkerungszahl gilt und die größten regionalen Vereinigungen der Welt vertreten wären, so unter anderem die Afrikanische Union, Mercosur, die Südasiatische Vereinigung für Regionale Zusammenarbeit (SAARC) und andere?	Warum hat die Kommission den Vorschlag von Herrn Verhofstadt nicht aufgegriffen, dass wir einen G8-Gipfel nicht auf der Grundlage des Wohlstands und unter Beteiligung der reichsten Nationen, sondern auf der Grundlage der Bevölkerungszahl und unter Beteiligung der wichtigsten regionalen Organisationen der Welt, darunter die Afrikanische Union, der Mercosur, die Südasiatische Vereinigung für regionale Zusammenarbeit (SAARC) usw., veranstalten sollten?	ORG_WR_EN_DE_003752
_EN_DE_003752-03	ende	Globalism has led to a world of interconnected communities.	Die Globalisierung hat zu einer Welt der miteinander verbundenen Gemeinschaften geführt.	Die Globalisierung hat zu einer Welt miteinander verbundener Gemeinschaften geführt.	ORG_WR_EN_DE_003752
_EN_DE_003752-04	ende	Technology and language learning have transformed our ability to communicate.	Die moderne Technik und das Erlernen von Fremdsprachen haben unsere Kommunikationsfähigkeiten verändert.	Technologie und Sprachenlernen haben unsere Kommunikationsfähigkeit verändert.	ORG_WR_EN_DE_003752
_EN_DE_003752-05	ende	Trade and investment have changed our economic perspectives and vastly increased our wealth.	Handel und Investitionen haben unsere wirtschaftlichen Perspektiven verändert und unseren Reichtum beträchtlich erhöht.	Handel und Investitionen haben unsere wirtschaftlichen Perspektiven verändert und unseren Wohlstand enorm gesteigert.	ORG_WR_EN_DE_003752
_EN_DE_003752-06	ende	Travel has opened up new horizons and new opportunities for human contact.	Das Reisen hat unseren Horizont erweitert und neue Möglichkeiten zu persönlichen Kontakten geschaffen.	Das Reisen hat neue Horizonte und neue Möglichkeiten für zwischenmenschliche Kontakte eröffnet.	ORG_WR_EN_DE_003752
_EN_DE_003752-07	ende	And yet all this has not come without a cost, because criminals have organised themselves into global networks; humankind 's damage to our natural environment threatens the future viability of life on our planet; and powerlessness and alienation are restricting opportunities for far too many to develop their own abilities and to improve the lot of themselves and their families.	Dennoch sind damit auch Nachteile verbunden, da sich Kriminelle in globalen Netzwerken organisieren konnten, die Zerstörung der Umwelt durch den Menschen künftiges Leben auf unserem Planeten gefährdet, und Machtlosigkeit und Verfremdung zu viele Menschen in ihren Möglichkeiten einschränken, als dass sie ihre Fähigkeiten entwickeln und ihre Lebenssituation bzw. die ihrer Familien verbessern könnten.	Und doch hat all dies seinen Preis, denn Kriminelle haben sich zu globalen Netzwerken zusammengeschlossen; die von den Menschen verursachten Schäden an unserer natürlichen Umwelt bedrohen die Zukunftsfähigkeit des Lebens auf unserem Planeten; und Machtlosigkeit und Entfremdung schränken die Möglichkeiten viel zu vieler Menschen ein, ihre eigenen Fähigkeiten zu entwickeln und ihr Schicksal und das ihrer Familien zu verbessern.	ORG_WR_EN_DE_003752
_EN_DE_003752-08	ende	History, Mr President, suggests that if the world were truly a global village, many more would be shocked by the misery of the poor.	Die Geschichte zeigt, Herr Präsident, dass, wenn die Welt inzwischen tatsächlich ein globales Dorf wäre, viel mehr Menschen über das Elend der Armen schockiert wären.	Die Geschichte, Herr Präsident, zeigt, dass, wenn die Welt wirklich ein globales Dorf wäre, viel mehr Menschen über das Elend der Armen schockiert wären.	ORG_WR_EN_DE_003752
_EN_DE_003752-09	ende	Of 6 billion human beings, half are living on less than EUR 2 per day and 800 million are going to sleep hungry every night.	Von den sechs Milliarden Menschen auf der Erde muss die Hälfte mit weniger als 2 EUR pro Tag auskommen und 800 Millionen gehen jeden Abend hungrig schlafen.	Von 6 Milliarden Menschen leben die Hälfte von weniger als 2 Euro pro Tag, und 800 Millionen gehen jeden Abend hungrig zu Bett.	ORG_WR_EN_DE_003752
_EN_DE_003752-10	ende	I say, therefore, to our friends on the Right that yes, the market economy, if intelligently regulated, is the most powerful instrument known to mankind to lift people out of poverty.	Daher sage ich zu unseren Freunden auf der rechten Seite: Ja, die Marktwirtschaft ist, wenn sie umsichtig reguliert wird, das mächtigste, der Menschheit bekannte Instrument, um Menschen von Armut zu befreien.	Ich sage daher unseren Freunden auf der rechten Seite: Ja, die Marktwirtschaft ist, wenn sie intelligent reguliert wird, das mächtigste Instrument, das die Menschheit kennt, um Menschen aus der Armut zu befreien.	ORG_WR_EN_DE_003752
_EN_DE_003752-11	ende	That we have not yet learned to use it properly, however, is shown by financial crises, by environmental degradation and by the continued spread of preventable disease.	Dennoch zeigen Finanzkrisen, Umweltverschmutzung und die unaufhörliche Ausbreitung verhütbarer Krankheiten, dass wir noch immer nicht gelernt haben, vernünftig damit umzugehen.	Dass wir jedoch noch nicht gelernt haben, sie richtig einzusetzen, zeigen Finanzkrisen, Umweltzerstörung und die anhaltende Ausbreitung vermeidbarer Krankheiten.	ORG_WR_EN_DE_003752
_EN_DE_003752-12	ende	Moreover, our failure to reach 0.7% of GDP in development aid is depriving the poor of EUR 100 billion per annum.	Da wir es außerdem immer noch nicht geschafft, haben 0,7 % unseres BIP für Entwicklungshilfe ausgeben, enthalten wir den Armen jährlich 100 Mrd. EUR vor.	Darüber hinaus entgehen den Armen jährlich 100 Milliarden Euro, weil wir es nicht schaffen, 0,7 % des BIP für Entwicklungshilfe aufzuwenden.	ORG_WR_EN_DE_003752
_EN_DE_003752-13	ende	I say to the Left that we need to reform our trade policies because aid and debt relief for developing countries without access to our markets can be nothing more than a palliative.	Und der Linken sage ich, dass wir unsere Handelspolitik reformieren müssen, denn Entwicklungshilfe und Schuldenerlass für Entwicklungsländer können nichts weiter als ein Linderungsmittel sein, wenn ihnen der Zugang zu unseren Märkten verwehrt wird.	Der Linken sage ich, dass wir unsere Handelspolitik reformieren müssen, denn Hilfe und Schuldenerlass für Entwicklungsländer ohne Zugang zu unseren Märkten können nur ein Notbehelf sein.	ORG_WR_EN_DE_003752
_EN_DE_003752-14	ende	To the Greens I would say that access to scientific progress is also important.	Den Grünen würde ich sagen, dass auch der Zugang zu wissenschaftlichem Fortschritt von Bedeutung ist.	Den Grünen möchte ich sagen, dass auch der Zugang zu wissenschaftlichem Fortschritt wichtig ist.	ORG_WR_EN_DE_003752
_EN_DE_003752-15	ende	It is the key to better nutrition, to improved health and life expectancy and to rising living standards.	Darin liegt nämlich der Schlüssel zu besserer Ernährung, verbessertem Gesundheitszustand und höherer Lebenserwartung.	Er ist der Schlüssel zu besserer Ernährung, besserer Gesundheit und Lebenserwartung sowie zu steigendem Lebensstandard.	ORG_WR_EN_DE_003752
_EN_DE_003752-16	ende	We must not starve the developing world of the benefits of innovation.	Wir dürfen den Entwicklungsländern nicht die Vorteile von Innovationen vorenthalten.	Wir dürfen den Entwicklungsländern nicht die Vorteile der Innovation vorenthalten.	ORG_WR_EN_DE_003752
_EN_DE_003752-17	ende	The challenge to humankind is to establish effective instruments of international government.	Die Menschheit steht daher vor der großen Aufgabe, wirksame Instrumente für globales Regieren zu schaffen.	Die Herausforderung für die Menschheit besteht darin, wirksame Instrumente der internationalen Regierungsführung zu schaffen.	ORG_WR_EN_DE_003752
_EN_DE_003752-18	ende	The United Nations, the international financial institutions, NATO, etc. have not succeeded as much as they should.	Die Vereinten Nationen, die internationalen Finanzinstitutionen, die NATO usw. waren nicht so erfolgreich, wie sie es hätten sein sollen.	Die Vereinten Nationen, die internationalen Finanzinstitutionen, die NATO usw. haben nicht so viel erreicht, wie sie sollten.	ORG_WR_EN_DE_003752
_EN_DE_003752-19	ende	Yet, in the European Union we may have a model for wider global governance.	Die Europäische Union jedoch könnte als Vorbild für eine umfassende Global Governance dienen.	Doch in der Europäischen Union haben wir möglicherweise ein Modell für eine umfassendere globale Regierungsführung.	ORG_WR_EN_DE_003752
_EN_DE_003752-20	ende	We need from our current leaders vision and commitment such as that shown by the founders of the Union.	Wir benötigen daher von unseren jetzigen Staats- und Regierungschefs Visionen und Engagement, so wie dies von den Gründungsvätern der Union gezeigt wurde.	Wir brauchen von unseren derzeitigen Führungskräften Visionen und Engagement, wie sie die Gründer der Union gezeigt haben.	ORG_WR_EN_DE_003752
_EN_DE_003752-21	ende	It involves the self-confidence to engage with the world economic forum, the world social forum and others and the self-confidence to say to our friends in the United States that their legitimate sense of vulnerability after 11 September should not lead them in a unilateralist direction whether in matters relating to military or economic security, the environment or fighting crime.	Dazu gehört genug Selbstbewusstsein, um mit dem Weltwirtschaftsforum, dem Weltsozialforum und anderen in Beziehung zu treten und genug Selbstbewusstsein, um unseren Freunden in den USA zu sagen, dass sie sich durch ihr berechtigtes Gefühl von Verletzlichkeit nach dem 11. September nicht in eine unilateralistische Richtung lenken lassen sollten, und zwar unabhängig davon, ob es sich um militärische oder wirtschaftliche Sicherheit, die Umwelt oder die Verbrechensbekämpfung handelt.	Dazu gehört das Selbstbewusstsein, sich im Weltwirtschaftsforum, im Weltsozialforum und anderen Gremien zu engagieren, und das Selbstbewusstsein, unseren Freunden in den Vereinigten Staaten zu sagen, dass ihr berechtigtes Gefühl der Verletzlichkeit nach dem 11. September sie nicht in eine unilateralistische Richtung führen sollte, sei es in Fragen der militärischen oder wirtschaftlichen Sicherheit, der Umwelt oder der Verbrechensbekämpfung.	ORG_WR_EN_DE_003752
_EN_DE_003752-22	ende	Global problems require global solutions.	Globale Probleme erfordern globale Lösungen.	Globale Probleme erfordern globale Lösungen.	ORG_WR_EN_DE_003752
_EN_DE_004321-01	ende	In November last year the Committee on Legal Affairs and the Internal Market instigated a public hearing on timeshares and a number of my constituents were able to come and explain their experiences directly to that hearing.	Im November vergangenen Jahres wurde von dem Ausschuss für Recht und Binnenmarkt eine öffentliche Anhörung über das Thema Teilnutzungsrechte an Immobilien initiiert, an der mehrere Bürger aus meinem Wahlkreis teilnahmen, um direkt über ihre Erfahrungen zu berichten.	Im November letzten Jahres hat der Ausschuss für Recht und Binnenmarkt eine öffentliche Anhörung zum Thema Timesharing initiiert, bei der einige meiner Wähler ihre Erfahrungen direkt vorbringen konnten.	ORG_WR_EN_DE_004321
_EN_DE_004321-02	ende	I an dem very happy to say that many of the problems raised at the hearing, both in the oral presentations and the written dossier of evidence I submitted at the time, have been addressed.	Ich freue mich, dass ich sagen kann, dass viele der Probleme mittlerweile beseitigt werden konnten, die bei dieser Anhörung sowohl in den mündlichen Berichten als auch in dem schriftlichen Bericht, den ich damals vorgelegt hatte, angesprochen wurden.	Ich freue mich sehr, dass viele der bei der Anhörung angesprochenen Probleme, sowohl in den mündlichen Vorträgen als auch in den schriftlichen Unterlagen, die ich damals vorgelegt habe, angegangen wurden.	ORG_WR_EN_DE_004321
_EN_DE_004321-03	ende	A particular concern has been the increase in holiday club, or points club operations, which, by the very nature of their membership rules, take advantage of current legislation, which does not cover contracts of under three years.	Ein besonderes Problem ist die Zunahme der Zahl von Ferienklubs oder Punktesystemen, die durch die Art ihrer Mitgliedschaftsbestimmungen die bestehende Gesetzgebung ausnutzen, in der keine Regelungen für Verträge mit einer Laufzeit von unter drei Jahren vorgesehen sind.	Ein besonderes Anliegen war die Zunahme von Ferienclubs oder Punkteclubs, die aufgrund ihrer Mitgliedschaftsregeln die derzeitige Gesetzgebung ausnutzen, die Verträge mit einer Laufzeit von weniger als drei Jahren nicht abdeckt.	ORG_WR_EN_DE_004321
_EN_DE_004321-04	ende	I would therefore commend to the House the proposal to cover all contracts of this nature, thus shutting off the loophole that currently exists.	Ich möchte dem Haus daher den Vorschlag empfehlen, der die Erfassung aller derartigen Verträge vorsieht, um so das derzeit bestehende Schlupfloch zu schließen.	Ich möchte daher dem Haus den Vorschlag empfehlen, alle Verträge dieser Art abzudecken und damit die derzeit bestehende Lücke zu schließen.	ORG_WR_EN_DE_004321
_EN_DE_004321-05	ende	Furthermore, I an dem pleased to see that we have proposed that the handing over of credit card details be subject to the same cooling-off period as a deposit by any other means.	Darüber hinaus begrüße ich unseren Vorschlag, dass für die Bekanntgabe von Einzelheiten über die Kreditkarte dieselbe Abkühlungszeit gelten sollte wie für andere Anzahlungen.	Darüber hinaus freue ich mich, dass wir vorgeschlagen haben, dass die Übermittlung von Kreditkartendaten derselben Widerrufsfrist unterliegen soll wie eine Anzahlung auf anderem Wege.	ORG_WR_EN_DE_004321
_EN_DE_004321-06	ende	I have heard in surgeries in my own constituency of stories of innocent holidaymakers unwittingly giving timeshare touts their credit card details, only to find on their return from holiday that significant amounts of money have been debited from their accounts.	Ich habe bei Sprechstunden in meinem Wahlkreis gehört, dass unschuldige Urlauber Schleppern der Timesharing-Branche völlig ahnungslos Kreditkartenangaben machten und nach der Rückkehr aus ihrem Urlaub feststellen mussten, dass erhebliche Summen von ihrem Konto abgebucht waren.	In meiner Wahlkreissprechstunde habe ich Geschichten von unschuldigen Urlaubern gehört, die unwissentlich Timeshare-Anbietern ihre Kreditkartendaten gegeben haben und nach ihrer Rückkehr aus dem Urlaub feststellen mussten, dass erhebliche Beträge von ihren Konten abgebucht worden waren.	ORG_WR_EN_DE_004321
_EN_DE_004321-07	ende	Similarly, it is also vital that once contracts have been definitively signed, consumers are adequately protected against unreasonable increases in maintenance costs and, in cases where there has been malpractice, holidaymakers have easy recourse to legal redress.	Wichtig ist auch, dass die Verbraucher nach der endgültigen Unterzeichnung von Verträgen ausreichend vor einem unangemessenen Anstieg der Unterhaltskosten geschützt werden und die Urlauber in den Fällen, in denen ein Missbrauch vorliegt, ohne großen Aufwand Entschädigungsansprüche geltend machen können.	Ebenso wichtig ist es, dass die Verbraucher nach der endgültigen Unterzeichnung eines Vertrags angemessen vor unangemessenen Erhöhungen der Unterhaltskosten geschützt sind und dass Urlauber in Fällen von Fehlverhalten leicht Rechtsmittel einlegen können.	ORG_WR_EN_DE_004321
_EN_DE_004321-08	ende	A significant hurdle to such redress is the cost of complainants undertaking often lengthy legal procedures in a country where they are not completely at ease with the process.	Eine große Hürde für die Erlangung von Schadenersatz sind die mit einer Klage verbundenen Kosten, die durch oft langwierige Gerichtsverfahren in einem anderen Land entstehen, mit dessen Verfahren die Geschädigten nicht vertraut sind.	Ein erhebliches Hindernis für solche Rechtsmittel sind die Kosten, die den Beschwerdeführern durch oft langwierige Gerichtsverfahren in einem Land entstehen, in dem sie mit den Verfahren nicht vollständig vertraut sind.	ORG_WR_EN_DE_004321
_EN_DE_004321-09	ende	We must therefore look at new ways of simplifying this procedure, perhaps allowing complainants to use their own national judicial systems if necessary.	Wir müssen daher nach neuen Wegen zu der Vereinfachung dieses Verfahrens suchen. Vielleicht wäre es eine Lösung, wenn die Verbraucher bei Beschwerden das Rechtssystem des eigenen Landes nutzen könnten, wenn dies nötig ist.	Wir müssen daher nach neuen Wegen suchen, um dieses Verfahren zu vereinfachen, indem wir den Beschwerdeführern gegebenenfalls die Möglichkeit geben, ihre eigenen nationalen Rechtssysteme in Anspruch zu nehmen.	ORG_WR_EN_DE_004321
_EN_DE_004321-10	ende	These measures represent essential steps towards genuine consumer protection for European holidaymakers purchasing this type of holiday.	Diese Maßnahmen sind wichtige Schritte auf dem Weg zu einem wirksamen Schutz der europäischen Urlauber, die diese Art von Urlaubsleistungen erwerben.	Diese Maßnahmen sind wesentliche Schritte hin zu einem echten Verbraucherschutz für europäische Urlauber, die diese Art von Urlaub buchen.	ORG_WR_EN_DE_004321
_EN_DE_004321-11	ende	However, the current report is not a complete solution to all problems.	Der vorliegende Bericht bietet jedoch keine Lösung für alle bestehenden Probleme.	Der vorliegende Bericht ist jedoch keine vollständige Lösung für alle Probleme.	ORG_WR_EN_DE_004321
_EN_DE_004321-12	ende	I hope that Members will be able to support my amendment to extend the cooling-off period to 28 calendar days from its current 10.	Ich hoffe, dass die Mitglieder meinen Änderungsantrag zu der Verlängerung der Abkühlungszeit von derzeit 10 auf 28 Kalendertage unterstützen können.	Ich hoffe, dass die Abgeordneten meinen Änderungsantrag unterstützen werden, die Widerrufsfrist von derzeit 10 auf 28 Kalendertage zu verlängern.	ORG_WR_EN_DE_004321
_EN_DE_004321-13	ende	This would give a real opportunity for people to consider, in the cold light of day when they return from holiday, whether they wish to go ahead with their purchase.	Auf diese Weise hätten die Betroffenen die Möglichkeit, nach der Rückkehr aus ihrem Urlaub alle Fakten kühl und sachlich zu prüfen und zu entscheiden, ob sie den geplanten Kauf tatsächlich abschließen wollen.	Dies würde den Menschen eine echte Möglichkeit geben, nach ihrer Rückkehr aus dem Urlaub in aller Ruhe zu überlegen, ob sie ihren Kauf tätigen möchten.	ORG_WR_EN_DE_004321
_EN_DE_004321-14	ende	I hope now that the Commission can come forward with appropriate proposals for legislation as quickly as possible so that our EU citizens can enjoy all forms of timeshare holidays in complete peace of mind.	Ich hoffe, dass die Kommission so schnell wie möglich geeignete Vorschläge für Rechtsvorschriften vorlegen kann, damit unsere EU-Bürger alle Formen des Timesharing-Urlaubs ganz beruhigt genießen können.	Ich hoffe nun, dass die Kommission so schnell wie möglich geeignete Legislativvorschläge vorlegen kann, damit unsere EU-Bürger alle Formen von Timesharing-Urlauben in aller Ruhe genießen können.	ORG_WR_EN_DE_004321
_EN_DE_000131-01	ende	I look forward to working cooperatively with her.	Ich freue mich auf die kooperative Zusammenarbeit mit ihr.	Ich freue mich auf die Zusammenarbeit mit ihr.	ORG_WR_EN_DE_000131
_EN_DE_000131-02	ende	I cannot, however, let the information that I have just received about the nuclear accident in South Korea go unrecognised.	Ich kann nicht umhin, Ihnen die Meldung weiterzugeben, die ich eben über einen Atomunfall in Süd-Korea erhalten habe.	Ich kann jedoch die Informationen, die ich gerade über den Atomunfall in Südkorea erhalten habe, nicht unkommentiert lassen.	ORG_WR_EN_DE_000131
_EN_DE_000131-03	ende	I was very shocked and saddened to hear of the deaths of 22 workers, apparently as the result of a heavy water accident.	Ich war sehr betroffen über die Nachricht, daß 22 Arbeiter bei einem Unfall getötet worden sind, bei dem offensichtlich schweres Wasser ausgetreten ist.	Ich war sehr schockiert und traurig, als ich vom Tod von 22 Arbeitern hörte, offenbar infolge eines Unfalls mit schwerem Wasser.	ORG_WR_EN_DE_000131
_EN_DE_000131-04	ende	That underlines what we are trying to do here today and the need for changes in energy policy and in the budget for energy policy.	Dieser Unfall macht deutlich, wie wichtig das heutige Thema ist und wie dringend wir einen Wandel in der Energiepolitik sowie bei der Bereitstellung von Haushaltsmitteln für die Energiepolitik brauchen.	Das unterstreicht, was wir heute hier versuchen, und die Notwendigkeit von Änderungen in der Energiepolitik und im Haushalt für die Energiepolitik.	ORG_WR_EN_DE_000131
_EN_DE_000131-05	ende	SAVE is the only Community-wide programme dedicated to promoting the rational use of energy.	SAVE ist das einzige gemeinschaftsweite Programm zu der Förderung der rationellen Nutzung von Energie.	SAVE ist das einzige gemeinschaftsweite Programm, das sich der Förderung der rationellen Energienutzung widmet.	ORG_WR_EN_DE_000131
_EN_DE_000131-06	ende	SAVE II focuses on the non-technical elements, helping to build energy efficiency infrastructure, and therefore does not pay for hardware investments.	Im Programm SAVE II stehen nichttechnische Elemente in dem Mittelpunkt, mit deren Hilfe eine Infrastruktur der Energieeffizienz aufgebaut werden soll.	SAVE II konzentriert sich auf die nichttechnischen Elemente, trägt zum Aufbau einer energieeffizienten Infrastruktur bei und finanziert daher keine Investitionen in Hardware.	ORG_WR_EN_DE_000131
_EN_DE_000131-08	ende	The purpose of the programme is rather to create an environment in which investments and energy efficiency will be promoted and where energy efficiency will be recognised as a market opportunity.	Der Zweck des Programms besteht vielmehr darin, ein günstiges Umfeld für Investitionen und Energieeffizienz zu schaffen, in dem der rationelle Einsatz von Energie als Marktchance betrachtet wird.	Das Programm zielt vielmehr darauf ab, ein Umfeld zu schaffen, in dem Investitionen und Energieeffizienz gefördert werden und Energieeffizienz als Marktchance anerkannt wird.	ORG_WR_EN_DE_000131
_EN_DE_000131-09	ende	We have heard about the difficulties of competition and renewable energy, but energy saving also saves money and, therefore, is a good investment all round.	Die Probleme in dem Zusammenhang mit der Wettbewerbsfähigkeit erneuerbarer Energien wurden erwähnt, die Einsparung von Energie führt jedoch auch zu der Einsparung von Geld und ist daher rundum eine gute Investition.	Wir haben von den Schwierigkeiten des Wettbewerbs und der erneuerbaren Energien gehört, aber Energiesparen spart auch Geld und ist daher in jeder Hinsicht eine gute Investition.	ORG_WR_EN_DE_000131
_EN_DE_000131-10	ende	The SAVE programme was thoroughly and positively evaluated in 1994.	Das Programm SAVE wurde in dem Jahre 1994 sorgfältig evaluiert und für positiv befunden.	Das SAVE-Programm wurde 1994 gründlich und positiv bewertet.	ORG_WR_EN_DE_000131
_EN_DE_000131-11	ende	I congratulate the Commission on the way it was run: credit where credit is due.	Ich gratuliere der Kommission zu der Durchführung des Programms: Ehre, wem Ehre gebührt.	Ich gratuliere der Kommission zu der Art und Weise, wie es durchgeführt wurde: Ehre, wem Ehre gebührt.	ORG_WR_EN_DE_000131
_EN_DE_000131-12	ende	This House gives kicks to the Commission when it sees programmes badly run.	Die Kommission wird von diesem Haus gerügt, wenn man mit der Durchführung von Programmen unzufrieden ist.	Dieses Haus kritisiert die Kommission, wenn es Programme sieht, die schlecht durchgeführt werden.	ORG_WR_EN_DE_000131
_EN_DE_000131-13	ende	When a programme is well run and has been evaluated as such, we must also give it credit.	Wenn ein Programm gut durchgeführt und die Durchführung als gut bewertet wird, müssen wir dies ebenfalls würdigen.	Wenn ein Programm gut durchgeführt und als solches bewertet wurde, müssen wir es auch würdigen.	ORG_WR_EN_DE_000131
_EN_DE_000131-14	ende	The evaluation highlighted SAVE as a valuable policy instrument to promote energy efficiency but stressed that a clear and consistent strategy for pilot actions was required; that dissemination of results is the key to long-term success; and that long-term effectiveness requires better on-going monitoring and impact analysis.	Im Evaluierungsbericht wird SAVE als wertvolles politisches Instrument zu der Förderung der Energieeffizienz bezeichnet, es wurde jedoch betont, daß eine klare und einheitliche Strategie für Pilotprojekte erforderlich sei, daß die Veröffentlichung von Ergebnissen der Schlüssel für den langfristigen Erfolg sei und für die langfristige Wirksamkeit eine bessere fortlaufende Überwachung und eine Umweltverträglichkeitsprüfung erforderlich sei.	Die Bewertung hob SAVE als wertvolles politisches Instrument zur Förderung der Energieeffizienz hervor, betonte jedoch, dass eine klare und kohärente Strategie für Pilotmaßnahmen erforderlich sei, dass die Verbreitung der Ergebnisse der Schlüssel zum langfristigen Erfolg sei und dass eine langfristige Wirksamkeit eine bessere laufende Überwachung und Wirkungsanalyse erfordere.	ORG_WR_EN_DE_000131
_EN_DE_000131-15	ende	The evaluation also showed that SAVE actions will also indirectly lead to the achievement of the objectives of the non-nuclear energy R[amp]D programme through the creation of a positive environment for the dissemination and implementation of new technology in renewable energies.	Bei der Evaluierung zeigte sich außerdem, daß mit den Maßnahmen in dem Rahmen des SAVE-Programms indirekt die Ziele des Forschungs- und Entwicklungsprogramms auf dem Gebiet der nichtnuklearen Energie erreicht werden können, weil dadurch ein positives Umfeld für die Verbreitung und den Einsatz neuer Technologien für erneuerbare Energieträger geschaffen wird.	Die Bewertung zeigte auch, dass SAVE-Maßnahmen indirekt zur Erreichung der Ziele des F[amp]E-Programms für nichtnukleare Energien beitragen werden, indem sie ein positives Umfeld für die Verbreitung und Umsetzung neuer Technologien im Bereich der erneuerbaren Energien schaffen.	ORG_WR_EN_DE_000131
_EN_DE_000131-16	ende	The amendments proposed by this report are a direct result of this evaluation.	Die in dem Bericht vorgeschlagenen Änderungsanträge ergeben sich unmittelbar aus der Evaluierung.	Die in diesem Bericht vorgeschlagenen Änderungen sind ein direktes Ergebnis dieser Bewertung.	ORG_WR_EN_DE_000131
_EN_DE_000131-17	ende	Energy efficiency means lower consumption, the conservation of non-renewable energy sources and reduced dependence on energy imports, but most of all it means lower levels of environmental pollution from harmful substances such as CO2, one of the major causes of the greenhouse effect.	Energieeffizienz bedeutet geringeren Verbrauch, die Erhaltung nichterneuerbarer Energieträger und geringere Abhängigkeit von Energieeinfuhren, vor allem bedeutet sie jedoch ein geringeres Maß an Umweltverschmutzung durch Schadstoffe wie CO2, einem der Hauptverursacher des Treibhauseffekts.	Energieeffizienz bedeutet einen geringeren Verbrauch, die Schonung nicht erneuerbarer Energiequellen und eine geringere Abhängigkeit von Energieimporten, vor allem aber eine geringere Umweltverschmutzung durch Schadstoffe wie CO2, eine der Hauptursachen des Treibhauseffekts.	ORG_WR_EN_DE_000131
_EN_DE_000131-18	ende	The European Parliament has often underlined the importance of energy-efficient actions and the Council has also emphasised the need for energy savings and a reduction in CO2 emissions in a series of resolutions.	Vom Europäischen Parlament ist die Bedeutung von Maßnahmen zu dem rationelleren Energieeinsatz wiederholt unterstrichen worden, und auch der Rat hat die Notwendigkeit von Energieeinsparungen und einer Senkung der CO2-Emissionen in einer Reihe von Entschließungen bekräftigt.	Das Europäische Parlament hat wiederholt die Bedeutung energieeffizienter Maßnahmen hervorgehoben, und auch der Rat hat in einer Reihe von Entschließungen die Notwendigkeit von Energieeinsparungen und einer Verringerung der CO2-Emissionen betont.	ORG_WR_EN_DE_000131
_EN_DE_000131-19	ende	However, these announcements have been followed up by very modest proposals.	Diesen Ankündigungen folgten jedoch nur sehr bescheidene Vorschläge.	Auf diese Ankündigungen folgten jedoch nur sehr bescheidene Vorschläge.	ORG_WR_EN_DE_000131
_EN_DE_000131-20	ende	The energy savings targets will, in all likelihood, not be achieved by the means foreseen in the SAVE II programme.	Die festgelegten Ziele für die Energieeinsparung werden aller Wahrscheinlichkeit nach mit den in dem Rahmen des Programms SAVE II vorgesehenen Mitteln nicht erreicht.	Die Energieeinsparungsziele werden aller Wahrscheinlichkeit nach mit den im SAVE-II-Programm vorgesehenen Mitteln nicht erreicht werden.	ORG_WR_EN_DE_000131
_EN_DE_000131-21	ende	As the Community has so far not been able to agree on what is probably the most effective instrument for the reduction of greenhouse gases namely, the taxation of energy consumption the Commission and the Council regard the SAVE II programme as an important and necessary instrument.	Da die Gemeinschaft bisher nicht in der Lage war, sich auf das wahrscheinlich wirksamste Instrument zu der Verringerung der Treibhausgase zu einigen, nämlich die Besteuerung des Energieverbrauchs, betrachten die Kommission und der Rat das Programm SAVE II als bedeutendes und notwendiges Instrument.	Da sich die Gemeinschaft bisher nicht auf das wahrscheinlich wirksamste Instrument zur Verringerung der Treibhausgase, nämlich die Besteuerung des Energieverbrauchs, einigen konnte, betrachten die Kommission und der Rat das SAVE-II-Programm als ein wichtiges und notwendiges Instrument.	ORG_WR_EN_DE_000131
_EN_DE_000131-22	ende	Why then make cuts in an already low budget?	Warum werden dann ohnehin knappe Haushaltsmittel nochmals gekürzt?	Warum also Kürzungen in einem ohnehin schon knappen Haushalt vornehmen?	ORG_WR_EN_DE_000131
_EN_DE_000131-23	ende	That is why I have restored the budget figures originally proposed by the Commission which were fully justified.	Ich habe deshalb die ursprünglich von der Kommission vorgesehenen und völlig gerechtfertigten Haushaltszahlen wieder eingesetzt.	Aus diesem Grund habe ich die ursprünglich von der Kommission vorgeschlagenen Haushaltszahlen wiederhergestellt, die voll und ganz gerechtfertigt waren.	ORG_WR_EN_DE_000131
_EN_DE_000131-24	ende	Bearing in mind the expected increase in the energy CO2 emissions and the low budget allocated to SAVE II it is rather unlikely that the internationally agreed objectives for reducing emissions could be achieved by this programme.	Angesichts des zu erwartenden Anstiegs der CO2-Emissionen und der für das Programm SAVE II bereitgestellten geringen Haushaltsmittel ist es wenig wahrscheinlich, daß die international vereinbarten Ziele für die Senkung der Emissionen durch dieses Programm erreicht werden können.	Angesichts des zu erwartenden Anstiegs der CO2-Emissionen im Energiebereich und des geringen Budgets für SAVE II ist es eher unwahrscheinlich, dass die international vereinbarten Ziele zur Emissionsreduzierung mit diesem Programm erreicht werden können.	ORG_WR_EN_DE_000131
_EN_DE_000131-25	ende	However, under the energy framework programme SAVE II offers an opportunity to reverse a trend.	Im Zuge des Energie-Rahmenprogramms bietet das Programm SAVE II jedoch eine Möglichkeit, den Trend umzukehren.	Im Rahmen des Energie-Rahmenprogramms bietet SAVE II jedoch die Möglichkeit, einen Trend umzukehren.	ORG_WR_EN_DE_000131
_EN_DE_000131-26	ende	Since at Member State level progress has stagnated, the responsibility for achieving energy efficiency targets and meeting reduction commitments now lies with the Community.	Da es auf der Ebene der Mitgliedstaaten hinsichtlich einer verbesserten Effizienz in dem Energiesektor keine Fortschritte gibt, liegt die Verantwortung für die Realisierung des Effizienzziels und die Einhaltung der Verpflichtungen zu der CO2-Senkung jetzt bei der Gemeinschaft.	Da auf Ebene der Mitgliedstaaten keine Fortschritte mehr erzielt werden, liegt die Verantwortung für die Erreichung der Energieeffizienzziele und die Erfüllung der Reduktionsverpflichtungen nun bei der Gemeinschaft.	ORG_WR_EN_DE_000131
_EN_DE_000131-27	ende	The Finnish presidency has therefore announced an action plan for energy efficiency during the second half of 1999.	Die finnische Ratspräsidentschaft hat daher angekündigt, in dem zweiten Halbjahr 1999 einen Aktionsplan zu der Energieeffizienz vorzulegen.	Die finnische Präsidentschaft hat daher für die zweite Hälfte des Jahres 1999 einen Aktionsplan für Energieeffizienz angekündigt.	ORG_WR_EN_DE_000131
_EN_DE_000131-28	ende	It is very welcome and important.	Dies ist äußerst wichtig und sehr begrüßenswert.	Dies ist sehr zu begrüßen und wichtig.	ORG_WR_EN_DE_000131
_EN_DE_000131-29	ende	The Commission argues in favour of setting a Community energy efficiency target.	Die Kommission befürwortet die Festsetzung eines Gemeinschaftsziels für die rationelle Verwendung von Energie.	Die Kommission spricht sich für die Festlegung eines Energieeffizienzziels für die Gemeinschaft aus.	ORG_WR_EN_DE_000131
_EN_DE_000131-30	ende	Given the approximately 1% annual improvement in energy efficiency in final consumption achieved so far, the Commission calls for a target of reducing energy intensity in final demand by a further percentage point per year.	Da bisher bei dem Endverbrauch eine Verbesserung um etwa 1 % jährlich erreicht wurde, fordert die Kommission ein Ziel für die Verringerung der Energieintensität bei der Endnachfrage um einen weiteren Prozentpunkt pro Jahr.	Angesichts der bisher erzielten jährlichen Verbesserung der Energieeffizienz beim Endverbrauch um etwa 1 % fordert die Kommission ein Ziel zur Verringerung der Energieintensität beim Endverbrauch um einen weiteren Prozentpunkt pro Jahr.	ORG_WR_EN_DE_000131
_EN_DE_000131-31	ende	Given our commitments, as already underlined, it is incomprehensible that the Commission could confine itself to such a target.	Angesichts unserer bereits erwähnten Verpflichtungen zu der Senkung der CO2-Emissionen ist es unverständlich, daß die Kommission sich auf ein solches Ziel beschränken sollte.	Angesichts unserer Verpflichtungen, wie bereits betont, ist es unverständlich, dass sich die Kommission auf ein solches Ziel beschränken könnte.	ORG_WR_EN_DE_000131
_EN_DE_000131-32	ende	A goal of a further one-and-a-half percentage points should be set in order to develop additional savings potential.	Ein Ziel von weiteren 1,5 Prozentpunkten sollte festgelegt werden, um zusätzliches Einsparungspotential zu entwickeln.	Es sollte ein Ziel von weiteren eineinhalb Prozentpunkten festgelegt werden, um zusätzliches Einsparpotenzial zu erschließen.	ORG_WR_EN_DE_000131
_EN_DE_000131-33	ende	As you know, Parliament agreed this at first reading.	Wie Sie wissen, hat das Parlament dem bei der ersten Lesung zugestimmt.	Wie Sie wissen, hat das Parlament dem in erster Lesung zugestimmt.	ORG_WR_EN_DE_000131
_EN_DE_000131-34	ende	I should just like to add two technical points.	Ich möchte noch zwei technische Gesichtspunkte erwähnen.	Ich möchte nur zwei technische Punkte hinzufügen.	ORG_WR_EN_DE_000131
_EN_DE_000131-35	ende	We have, on legal advice, improved the comitology amendments.	Im Ergebnis einer Rechtsberatung haben wir die Änderungsanträge zu der Komitologie verbessert.	Aufgrund rechtlicher Beratung haben wir die Komitologie-Änderungsanträge verbessert.	ORG_WR_EN_DE_000131
_EN_DE_000131-36	ende	Therefore we have replaced Amendment No 5 by a new Amendment No 13, and Amendment No 11 by a new Amendment No 12.	Daher haben wir Abänderungsantrag 5 durch einen neuen Abänderungsantrag 13 und Abänderungsantrag 11 durch einen neuen Abänderungsantrag 12 ersetzt.	Daher haben wir Änderungsantrag Nr. 5 durch einen neuen Änderungsantrag Nr. 13 und Änderungsantrag Nr. 11 durch einen neuen Änderungsantrag Nr. 12 ersetzt.	ORG_WR_EN_DE_000131
_EN_DE_000131-37	ende	This was on legal advice to improve the original amendments.	Dies geschah auf die juristische Empfehlung hin, die ursprünglichen Abänderungsanträge zu verbessern.	Dies geschah auf rechtliche Beratung hin, um die ursprünglichen Änderungsanträge zu verbessern.	ORG_WR_EN_DE_000131
_EN_DE_000131-38	ende	I hope that will be acceptable to everyone.	Ich hoffe, Sie alle können dem zustimmen.	Ich hoffe, dass dies für alle akzeptabel ist.	ORG_WR_EN_DE_000131
_EN_DE_002715-01	ende	There is no doubt that working abroad is increasingly popular for young people, in particular, and businesses are also looking to recruit from a wider field, but for this to be possible, people need to feel that they can have accurate, up-to-date information about what working in another Member State may entail, because that information provides them with a real choice as to whether they work elsewhere or not.	Zweifellos wird es vor allem unter jungen Leuten immer beliebter, in dem Ausland zu arbeiten, und auch die Unternehmen bemühen sich um Arbeitskräfte aus einem immer weiteren Umkreis. Doch dazu brauchen die Leute die Gewissheit, dass sie zutreffende, aktuelle Informationen darüber einholen können, was es denn heißt, in einem anderen Mitgliedstaat zu arbeiten, weil sie dann auch wirklich entscheiden können, ob sie anderswo arbeiten wollen oder nicht.	Es besteht kein Zweifel daran, dass das Arbeiten im Ausland insbesondere bei jungen Menschen immer beliebter wird und auch Unternehmen versuchen, Mitarbeiter aus einem größeren Einzugsgebiet zu rekrutieren. Damit dies jedoch möglich ist, müssen die Menschen das Gefühl haben, dass sie über genaue und aktuelle Informationen darüber verfügen, was die Arbeit in einem anderen Mitgliedstaat mit sich bringen kann, denn diese Informationen ermöglichen ihnen eine echte Entscheidung darüber, ob sie anderswo arbeiten möchten oder nicht.	ORG_WR_EN_DE_002715
_EN_DE_002715-02	ende	At the moment we have a very confusing set of different rules and regulations and it is clear from complaints to many of us and to Parliament 's Petitions Committee that clear advice is not always forthcoming from the appropriate authorities, even in Member States themselves.	Im Moment haben wir ein Paket sehr verwirrender, unterschiedlicher Regelungen und Verordnungen, und aus den Beschwerden, die an viele von uns und an den Petitionsausschuss des Parlaments herangetragen werden, geht hervor, dass selbst die zuständigen Behörden in den Mitgliedstaaten nicht immer richtig beraten.	Derzeit gibt es eine Vielzahl unterschiedlicher Vorschriften und Regelungen, die sehr verwirrend sind, und aus den Beschwerden, die bei vielen von uns und beim Petitionsausschuss des Parlaments eingehen, geht klar hervor, dass die zuständigen Behörden selbst in den Mitgliedstaaten nicht immer klare Auskünfte erteilen.	ORG_WR_EN_DE_002715
_EN_DE_002715-03	ende	The apparent anomalies have not helped either in social security coordination and entitlements, even different definitions as to what constitutes self-employment.	Auch bei der Koordinierung der Sozialversicherung und den versicherungsrechtlichen Ansprüchen waren diese Anomalien durchaus keine Hilfe, ja es bestehen sogar unterschiedliche Definitionen für selbstständige Erwerbstätigkeit.	Die offensichtlichen Unstimmigkeiten haben auch bei der Koordinierung der Sozialversicherung und den Ansprüchen nicht geholfen, ebenso wenig wie die unterschiedlichen Definitionen dessen, was unter Selbstständigkeit zu verstehen ist.	ORG_WR_EN_DE_002715
_EN_DE_002715-04	ende	The EURES network provides a very valuable resource for potential mobile workers.	Das EURES-Netzwerk ist eine besonders wertvolle Informationsquelle für potenzielle mobile Arbeitnehmer.	Das EURES-Netzwerk ist eine sehr wertvolle Ressource für potenzielle mobile Arbeitnehmer.	ORG_WR_EN_DE_002715
_EN_DE_002715-05	ende	It also provides a valuable, if underused, resource for employers.	Auch für Arbeitgeber kann es sehr wertvoll sein, wenngleich es zu wenig genutzt wird.	Es stellt auch eine wertvolle, wenn auch zu wenig genutzte Ressource für Arbeitgeber dar.	ORG_WR_EN_DE_002715
_EN_DE_002715-06	ende	Many small and medium-sized enterprises do not have the capacity or experience to carry out their cross-border recruitment.	Viele kleine und mittlere Unternehmen haben nicht die Kapazität oder die Erfahrung, ihre Arbeitskräfte grenzüberschreitend anzuwerben.	Viele kleine und mittlere Unternehmen verfügen nicht über die Kapazitäten oder die Erfahrung, um grenzüberschreitende Einstellungen vorzunehmen.	ORG_WR_EN_DE_002715
_EN_DE_002715-07	ende	EURES has an important role for them and it is a great pity that employment and employers' organisations are not more involved in the development of these services.	EURES spielt für sie eine wichtige Rolle, und es ist sehr bedauerlich, dass Arbeitsvermittlungen und Unternehmerverbände nicht stärker bei der Entwicklung dieser Dienstleistungen tätig werden.	EURES spielt für sie eine wichtige Rolle, und es ist sehr bedauerlich, dass die Arbeits- und Arbeitgeberverbände nicht stärker in die Entwicklung dieser Dienste einbezogen werden.	ORG_WR_EN_DE_002715
_EN_DE_002715-08	ende	Up to now, it has been particularly important in border regions, but EURES still does not cover all such areas, which is regrettable.	Bisher war das besonders in Grenzregionen wichtig, aber EURES deckt bedauerlicherweise alle diese Gebiete noch nicht ab.	Bislang war es besonders in Grenzregionen von Bedeutung, aber EURES deckt immer noch nicht alle diese Gebiete ab, was bedauerlich ist.	ORG_WR_EN_DE_002715
_EN_DE_002715-09	ende	It is obvious, as others have said, that EURES needs to be adequately resourced, expanded and promoted if it is to meet its full potential and respond to the needs of individuals.	Wie bereits gesagt wurde, liegt es auf der Hand, dass EURES angemessen ausgestattet, erweitert und gefördert werden muss, wenn es seine Möglichkeiten voll ausschöpfen und den Bedürfnissen von Einzelpersonen Rechnung tragen soll.	Es ist offensichtlich, wie andere bereits gesagt haben, dass EURES mit ausreichenden Mitteln ausgestattet, ausgebaut und gefördert werden muss, wenn es sein volles Potenzial ausschöpfen und den Bedürfnissen der Menschen gerecht werden soll.	ORG_WR_EN_DE_002715
_EN_DE_002715-10	ende	We must also recognise that enlargement will bring additional and quite legitimate demands in terms of information.	Wir müssen auch daran denken, dass die Erweiterung zusätzliche und ganz legitime Forderungen in Bezug auf Informationen mit sich bringt.	Wir müssen auch erkennen, dass die Erweiterung zusätzliche und durchaus berechtigte Anforderungen an die Information mit sich bringen wird.	ORG_WR_EN_DE_002715
_EN_DE_002715-11	ende	We support the request for more detailed information to be provided and agree that multi-annual funding is essential to the smooth development of this services.	Wir unterstützen die Forderung nach detaillierteren Informationen und stimmen dem zu, dass eine mehrjährige Finanzierung für eine reibungslose Entwicklung dieser Dienste notwendig ist.	Wir unterstützen die Forderung nach detaillierteren Informationen und stimmen zu, dass eine mehrjährige Finanzierung für die reibungslose Entwicklung dieser Dienste unerlässlich ist.	ORG_WR_EN_DE_002715
_EN_DE_002715-12	ende	However, its task would be made much easier if Member States adopted a more determined and coherent approach to making free movement a reality rather than an ideal that they keep banging on about, but seem incapable of delivering.	Die Aufgabe wäre allerdings viel einfacher, wenn die Mitgliedstaaten entschlossener und einheitlicher an die Verwirklichung der Freizügigkeit herangehen würden, anstatt viel Gewese um ein Ideal zu machen, das sie aber nicht imstande sind herüberzubringen.	Ihre Aufgabe würde jedoch erheblich erleichtert, wenn die Mitgliedstaaten entschlossener und kohärenter vorgehen würden, um die Freizügigkeit zu verwirklichen, anstatt sie als Ideal zu propagieren, das sie zwar immer wieder betonen, aber offenbar nicht umsetzen können.	ORG_WR_EN_DE_002715
_EN_DE_002715-13	ende	There has to be positive action by governments in favour of enabling people to experience working elsewhere: Mrs Van Lancker has already refereed to the coordination of social security systems within this.	Es muss positive Aktionen seitens der Regierungen geben, um die Menschen in die Lage zu versetzen, Erfahrung mit der Arbeit andernorts zu sammeln: Frau Van Lancker hat hierbei bereits auf die Koordinierung der sozialen Sicherungssysteme Bezug genommen.	Die Regierungen müssen positive Maßnahmen ergreifen, um den Menschen die Möglichkeit zu geben, Arbeitserfahrungen im Ausland zu sammeln: Frau Van Lancker hat bereits auf die Koordinierung der Sozialversicherungssysteme in diesem Zusammenhang hingewiesen.	ORG_WR_EN_DE_002715
_EN_DE_002715-14	ende	There is also the question about dealing with tax problems for frontier workers.	Eine weitere Frage ist, wie man mit Steuerproblemen bei grenzüberschreitenden Arbeitnehmern umgeht.	Außerdem stellt sich die Frage nach der Lösung der Steuerprobleme für Grenzgänger.	ORG_WR_EN_DE_002715
_EN_DE_002715-15	ende	We still have enormous problems with adequate recognition of qualifications, particularly vocational qualifications.	Wir haben immer noch enorme Schwierigkeiten bei der entsprechenden Anerkennung von Qualifikationen, insbesondere von beruflichen Qualifikationen.	Wir haben nach wie vor enorme Probleme mit der angemessenen Anerkennung von Qualifikationen, insbesondere von beruflichen Qualifikationen.	ORG_WR_EN_DE_002715
_EN_DE_002715-16	ende	Members States must recognise that free movement is not a threat to them, it is not an inconvenience, it is a valuable way to increase understanding and to develop cooperation within the Union.	Die Mitgliedstaaten müssen begreifen, dass die Freizügigkeit keine Bedrohung für sie darstellt, sie ist nichts Lästiges, sondern ein wertvolles Mittel zu der besseren Verständigung und zu der Entwicklung der Zusammenarbeit innerhalb der Union.	Die Mitgliedstaaten müssen erkennen, dass die Freizügigkeit keine Bedrohung für sie darstellt, keine Unannehmlichkeit ist, sondern ein wertvolles Mittel, um das Verständnis zu verbessern und die Zusammenarbeit innerhalb der Union zu entwickeln.	ORG_WR_EN_DE_002715
